country_iso,country_name,year,ev_stock,ev_sales,lithium_prod_t,cobalt_prod_t,mine_production_prod_t,lithium_import_t,lithium_export_t,cobalt_import_t,cobalt_export_t,nickel_import_t,nickel_export_t,graphite_import_t,graphite_export_t,battery_demand_mwh_est
ARG,,1995,,,8.0,,,,,,,,,,,
ARG,,1996,,,8.0,,,,,,,,,,,
ARG,,1997,,,8.0,,,,,,,,,,,
ARG,,1998,,,1130.0,,,,,,,,,,,
ARG,,1999,,,200.0,,,,,,,,,,,
ARG,,2000,,,200.0,,,,,,,,,,,
ARG,,2001,,,200.0,,,,,,,,,,,
ARG,,2002,,,946.0,,,,,,,,,,,
ARG,,2003,,,960.0,,,,,,,,,,,
ARG,,2004,,,1970.0,,,,,,,,,,,
ARG,,2005,,,1980.0,,,,,,,,,,,
ARG,,2006,,,2900.0,,,,,,,,,,,
ARG,,2007,,,3000.0,,,,,,,,,,,
ARG,,2008,,,3170.0,,,,,,,,,,,
ARG,,2009,,,2220.0,,,,,,,,,,,
ARG,,2010,,,2950.0,,,,,,,,,,,
ARG,,2011,,,2950.0,,,,,,,,,,,
ARG,,2012,,,2700.0,,,,,,,,,,,
ARG,,2013,,,2500.0,,,,,,,,,,,
ARG,,2014,,,3200.0,,,,,,,,,,,
ARG,,2015,,,3600.0,,,,,,,,,,,
ARG,,2016,,,5800.0,,,,,,,,,,,
ARG,,2017,,,5700.0,,,,,,,,,,,
ARG,,2018,,,6400.0,,,,,,,,,,,
ARG,,2019,,,6300.0,,,,,,,,,,,
ARG,,2020,,,5900.0,,,,,,,,,,,
ARG,,2021,,,5966.9123,,,,,,,,,,,
ARG,,2022,,,6377.9364000000005,,,,,,,,,,,
ARG,,2023,,,8630.0,,,,,,,,,,,
ARG,,2024,,,18000.0,,,,,,,,,,,
AUS,,1995,,,2233.4814,824.0,,,,,,,,,,
AUS,,1996,,,3882.1356,942.0,,,,,,,,,,
AUS,,1997,,,1576.6063,1219.0,,,,,,,,,,
AUS,,1998,,,1179.9951,1269.0,,,,,,,,,,
AUS,,1999,,,1505.7013,1010.3449,,,,,,,,,,
AUS,,2000,,,1825.6938,3598.48,,,,,,,,,,
AUS,,2001,,,2225.789,4311.9397,,,,,,,,,,
AUS,,2002,,,2204.2165,4854.0,,,,,,,,,,
AUS,,2003,,,3500.0,5120.0,,,,,,,,,,
AUS,,2004,,,3301.4052,4550.0,,,,,,,,,,
AUS,,2005,,,4839.464999999999,4110.0,,,,,,,,,,
AUS,,2006,,,6190.2847,5050.0,,,,,,,,,,
AUS,,2007,,,6836.29,4740.0,,,,,,,,,,
AUS,,2008,,,6676.0015,4790.0,,,,,,,,,,
AUS,,2009,,,5504.1165,4630.0,,,,,,,,,,
AUS,,2010,,,8465.379,3850.0,,,,,,,,,,
AUS,,2011,,,11700.0,3850.0,,,,,,,,,,
AUS,Australia,2012,300.0,250.0,12700.0,5880.0,,,,,,,,,,15.0
AUS,Australia,2013,590.0,290.0,10117.35,6400.0,,,,,,,,,,17.4
AUS,Australia,2014,1880.0,1320.0,12374.94,6201.256,,,,,,,,,,79.2
AUS,Australia,2015,3600.0,1760.0,11928.996,6030.0,,,,,,,,,,105.6
AUS,Australia,2016,5000.0,1370.0,14000.0,5470.0,,,,,,,,,,82.2
AUS,Australia,2017,7300.0,2300.0,21300.0,5800.0,,170.311,3606126.0567,68.76939999999999,3296.214,9936.60799,172326.31,289.176459,1.2483,138.0
AUS,Australia,2018,10900.0,3600.0,57000.0,4900.0,,2564.692673,3479523.4488699995,217.98424,2948.72156,2162.381,210275.16,433.429892,0.07812,216.0
AUS,Australia,2019,20600.0,9200.0,45000.0,5700.0,,163.8854,2.58413,279.28345,3316.48073,1685.66627,335356.527,292.58701,0.0,552.0
AUS,Australia,2020,27000.0,6900.0,39700.0,5600.0,,185.125,1585335.91238,114.0252,4144.16716,1309.92076,232035.5215,291.00343,0.3,414.0
AUS,Australia,2021,48000.0,20400.0,55300.0,5295.0,,5800.126124,2016392.2473,0.0001,2593.88043,1589.34285,202918.22,345.605226,22.315,1224.0
AUS,Australia,2022,88000.0,38900.0,74700.0,5790.0,,3147.76721,2708083.963,187.4919,3615.66382,3323.99616,113111.0,295.73548,0.0,2334.0
AUS,Australia,2023,181000.0,98000.0,91700.0,5220.0,,3350.13683,3588351.4404,77.48518899999999,2959.5578700000005,4721.349545,0.0,303.3955,0.0,5880.0
AUS,Australia,2024,302000.0,112000.0,88000.0,3600.0,,4970.72658,3987098.66246,193.055736,2809.98265,4250.1048,75796.16500000001,349.90863,1.26639,6720.0
AUS,,2025,,,,,,0.0,11.3697,243.52617,2474.174,7884.261284,142646.66069,336.064007,25.96861,
AUT,Austria,2012,1540.0,,,,,,,,,,,,,
AUT,Austria,2013,2510.0,,,,,,,,,,,,,
AUT,Austria,2014,4180.0,,,,,,,,,,,,,
AUT,Austria,2015,6500.0,2800.0,,,,,,,,,,,,168.0
AUT,Austria,2016,11400.0,5000.0,,,,,,,,,,,,300.0
AUT,Austria,2017,18900.0,7100.0,,,,,,,,,,,,426.0
AUT,Austria,2018,26700.0,9100.0,,,,,,,,,,,,546.0
AUT,Austria,2019,38000.0,11500.0,,,,,,,,,,,,690.0
AUT,Austria,2020,60000.0,23600.0,,,,,,,,,,,,1416.0
AUT,Austria,2021,106000.0,48000.0,,,,,,,,,,,,2880.0
AUT,Austria,2022,152000.0,47000.0,,,,,,,,,,,,2820.0
AUT,Austria,2023,218000.0,65000.0,,,,,,,,,,,,3900.0
AUT,Austria,2024,275000.0,62000.0,,,,,,,,,,,,3720.0
BEL,Belgium,2010,70.0,56.0,,,,,,,,,,,,3.36
BEL,Belgium,2011,346.0,296.0,,,,,,,,,,,,17.759999999999998
BEL,Belgium,2012,1180.0,910.0,,,,,,,,,,,,54.6
BEL,Belgium,2013,1790.0,560.0,,,,,,,,,,,,33.6
BEL,Belgium,2014,3700.0,1950.0,,,,,,,,,,,,117.0
BEL,Belgium,2015,7100.0,3900.0,,,,,,,,,,,,234.0
BEL,Belgium,2016,16200.0,9200.0,,,,,,,,,,,,552.0
BEL,Belgium,2017,30500.0,14700.0,,,,,,,,,,,,882.0
BEL,Belgium,2018,44000.0,13200.0,,,,,,,,,,,,792.0
BEL,Belgium,2019,60000.0,17700.0,,,,,,,,,,,,1062.0
BEL,Belgium,2020,105000.0,47000.0,,,,,,,,,,,,2820.0
BEL,Belgium,2021,172000.0,71000.0,,,,,,,,,,,,4260.0
BEL,Belgium,2022,270000.0,97000.0,,,,,,,,,,,,5820.0
BEL,Belgium,2023,470000.0,193000.0,,,,,,,,,,,,11580.0
BEL,Belgium,2024,670000.0,197000.0,,,,,,,,,,,,11820.0
BRA,,1995,,,32.0,,,,,,,,,,,
BRA,,1996,,,32.0,,,,,,,,,,,
BRA,,1997,,,32.0,,,,,,,,,,,
BRA,,1998,,,32.0,,,,,,,,,,,
BRA,,1999,,,32.0,,,,,,,,,,,
BRA,,2000,,,30.0,,,,,,,,,,,
BRA,,2001,,,220.0,,,,,,,,,,,
BRA,,2002,,,224.0,,,,,,,,,,,
BRA,,2003,,,240.0,,,,,,,,,,,
BRA,,2004,,,242.0,,,,,,,,,,,
BRA,,2005,,,242.0,,,,,,,,,,,
BRA,,2006,,,242.0,,,,,,,,,,,
BRA,,2007,,,180.0,,,,,,,,,,,
BRA,,2008,,,160.0,,,,,,,,,,,
BRA,,2009,,,160.0,,,,,,,,,,,
BRA,,2010,,,160.0,,,,,,,,,,,
BRA,,2011,,,320.0,,,,,,,,,,,
BRA,Brazil,2012,,40.0,150.0,,,,,,,,,,,2.4
BRA,Brazil,2013,,72.0,400.0,,,,,,,,,,,4.32
BRA,,2014,,,160.0,,,,,,,,,,,
BRA,Brazil,2015,148.0,89.0,147.69797,,,,,,,,,,,5.34
BRA,Brazil,2016,325.0,177.0,224.93218,,,,,,,,,,,10.62
BRA,Brazil,2017,680.0,430.0,269.46384,,,19652.236182,7661.847898,104.269223,73.62,0.0,5.258,2020.227823,22475.251783,25.8
BRA,Brazil,2018,1050.0,410.0,1047.5034,,,17758.371920999998,10782.986428,1593.104156,152.816,6442.149581,7.539,1380.753206,22081.809339000003,24.599999999999998
BRA,Brazil,2019,2990.0,1940.0,2171.6533,,,15164.414208000002,33643.40445,1137.937757,1.2,484.328,50.621,0.0,17860.732,116.39999999999999
BRA,Brazil,2020,5400.0,2600.0,1420.0,,,15598.004489,74753.839038,1022.946259,1.102,4629.921086,53388.945,1708.164618,15799.113129,156.0
BRA,Brazil,2021,19400.0,13900.0,1700.0,,,17625.764122,103918.071,0.039,0.011,453.983,119800.580981,930.95358,17645.511143,834.0
BRA,Brazil,2022,39000.0,18500.0,2630.0,,,15208.651297,115722.04556,849.7815420000001,0.0,8294.281259,126386.815771,0.0,17164.206,1110.0
BRA,Brazil,2023,92000.0,52000.0,5260.0,,,11187.937482,483436.670884,1105.368,0.015,6704.506013,111353.106,196.373271,10587.820355,3120.0
BRA,Brazil,2024,214000.0,125000.0,10000.0,,,16630.181212,351692.050962,1752.571736,8.007,7291.022163,4.971,346.260144,11057.042475,7500.0
BRA,,2025,,,,,,11830.515505,118223.959615,534.946,79.488,5103.9980000000005,0.0,0.0,12826.675072,
CAN,,1995,,,,5339.0,,,,,,,,,,
CAN,,1996,,,,5714.0,,,,,,,,,,
CAN,,1997,,,,5709.0,,,,,,,,,,
CAN,,1998,,,,5861.0,,,,,,,,,,
CAN,,1999,,,,5323.0,,,,,,,,,,
CAN,,2000,,,,5298.0,,,,,,,,,,
CAN,,2001,,,,5326.0,,,,,,,,,,
CAN,,2002,,,,5148.0,,,,,,,,,,
CAN,,2003,,,,4327.0,,,,,,,,,,
CAN,,2004,,,,5060.0,,,,,,,,,,
CAN,,2005,,,,5767.0,,,,,,,,,,
CAN,,2006,,,,7115.0,,,,,,,,,,
CAN,,2007,,,,8692.0,,,,,,,,,,
CAN,,2008,,,,8953.0,,,,,,,,,,
CAN,,2009,,,,3919.0,,,,,,,,,,
CAN,,2010,,,,4636.0,,,,,,,,,,
CAN,Canada,2011,550.0,520.0,,6836.0,,,,,,,,,,31.2
CAN,Canada,2012,2430.0,1920.0,,3698.0,,,,,,,,,,115.19999999999999
CAN,Canada,2013,5500.0,3100.0,,4005.0,,,,,,,,,,186.0
CAN,Canada,2014,10700.0,5100.0,,3907.0,,,,,,,,,,306.0
CAN,Canada,2015,17600.0,6800.0,,4339.0,,,,,,,,,,408.0
CAN,Canada,2016,29000.0,11600.0,,4216.0,,,,,,,,,,696.0
CAN,Canada,2017,47000.0,16700.0,,3704.0,,102477.848,176228.594,0.0,8375.310000000001,0.0,137738.418,0.0,13859.127471000002,1002.0
CAN,Canada,2018,87000.0,44000.0,,3524.0,,100824.982082,220595.114,1267.9803980000002,9991.713026,16592.432007,123348.856,38897.403551,11422.034163,2640.0
CAN,Canada,2019,136000.0,51000.0,,3336.0,,108544.439172,311467.424,1908.859545,9117.579,5302.417114,119909.5,54450.734981,12396.26598,3060.0
CAN,Canada,2020,212000.0,51000.0,,4474.0,,76400.716,197920.759,1334.523943,8568.841,19273.210358,116823.735,36499.83008,6782.064057,3060.0
CAN,Canada,2021,300000.0,87000.0,,4361.0,,63777.045707000005,192620.764,0.0,9379.935,42089.032,105582.259525,16582.858523,12053.052433,5220.0
CAN,Canada,2022,410000.0,115000.0,,3060.0,,60306.28847100001,157297.967,1638.551,9021.162,51524.843,115672.247,52392.074380000005,9747.453919,6900.0
CAN,Canada,2023,550000.0,171000.0,,4220.0,,45448.651488,129330.183,569.638457,7191.169,106876.260093,99618.379,84901.58448800001,8231.756831,10260.0
CAN,Canada,2024,860000.0,252000.0,,4500.0,,39916.011044,125330.331,498.304374,6912.526,49390.082407,98198.69,9392.692788,12861.031396,15120.0
CHE,Switzerland,2011,441.0,441.0,,,,,,,,,,,,26.459999999999997
CHE,Switzerland,2012,1180.0,740.0,,,,,,,,,,,,44.4
CHE,Switzerland,2013,2500.0,1370.0,,,,,,,,,,,,82.2
CHE,Switzerland,2014,5410.0,2900.0,,,,,,,,,,,,174.0
CHE,Switzerland,2015,11000.0,5700.0,,,,,,,,,,,,342.0
CHE,Switzerland,2016,16000.0,6100.0,,,,,,,,,,,,366.0
CHE,Switzerland,2017,25000.0,8400.0,,,,,,,,,,,,504.0
CHE,Switzerland,2018,35000.0,9500.0,,,,,,,,,,,,570.0
CHE,Switzerland,2019,50000.0,17300.0,,,,,,,,,,,,1038.0
CHE,Switzerland,2020,84000.0,34000.0,,,,,,,,,,,,2040.0
CHE,Switzerland,2021,139000.0,54000.0,,,,,,,,,,,,3240.0
CHE,Switzerland,2022,201000.0,59000.0,,,,,,,,,,,,3540.0
CHE,Switzerland,2023,276000.0,76000.0,,,,,,,,,,,,4560.0
CHE,Switzerland,2024,340000.0,67000.0,,,,,,,,,,,,4020.0
CHL,,1995,,,2000.0,,,,,,,,,,,
CHL,,1996,,,2663.6677,,,,,,,,,,,
CHL,,1997,,,4554.5335,,,,,,,,,,,
CHL,,1998,,,5462.648999999999,,,,,,,,,,,
CHL,,1999,,,5705.1554,,,,,,,,,,,
CHL,,2000,,,6737.877,,,,,,,,,,,
CHL,,2001,,,5883.362,,,,,,,,,,,
CHL,,2002,,,6620.0967,,,,,,,,,,,
CHL,,2003,,,7827.012500000001,,,,,,,,,,,
CHL,,2004,,,8340.688999999998,,,,,,,,,,,
CHL,,2005,,,8205.998,,,,,,,,,,,
CHL,,2006,,,8877.119,,,,,,,,,,,
CHL,,2007,,,10320.197,,,,,,,,,,,
CHL,,2008,,,9818.884,,,,,,,,,,,
CHL,,2009,,,5117.530000000001,,,,,,,,,,,
CHL,,2010,,,8879.804999999998,,,,,,,,,,,
CHL,,2011,,,11890.828,,,,,,,,,,,
CHL,,2012,,,12325.488,,,,,,,,,,,
CHL,,2013,,,10505.053,,,,,,,,,,,
CHL,Chile,2014,33.0,19.0,10834.172,,,,,,,,,,,1.14
CHL,Chile,2015,69.0,36.0,9809.592,,,,,,,,,,,2.16
CHL,Chile,2016,100.0,31.0,13595.976,,,,,,,,,,,1.8599999999999999
CHL,Chile,2017,231.0,135.0,14233.599,,,2921.947098,82478.481,15.0,0.002,95.998,5.5,87.03691,0.0,8.1
CHL,Chile,2018,410.0,198.0,16974.504,,,2241.624822,83224.746,0.356464,0.0,106.004,3.5,0.0,0.0,11.879999999999999
CHL,Chile,2019,650.0,305.0,19241.287,,,2374.477449,99101.991891,0.1044,0.0,103.494015,1.65,89.301906,0.0,18.3
CHL,Chile,2020,840.0,239.0,21630.358,,,4329.378748,107512.2264,0.06238,0.0,0.001,4.35,63.011884,0.3,14.34
CHL,Chile,2021,1410.0,860.0,28242.0,,,0.0,148051.57499999998,0.0458999999999999,0.0,56.62178,6.55,95.148976,0.0,51.6
CHL,Chile,2022,2900.0,1770.0,48821.04,,,17364.847187,212932.737,15.178208,0.0,114.6301,0.4,31.959016,0.0,106.2
CHL,Chile,2023,5700.0,2110.0,48098.717,,,14199.724959,0.0,2.172923,0.0,47.65914000000001,0.0,36.829632,0.0,126.6
CHL,Chile,2024,11300.0,5600.0,56928.432,,,13394.21939,251079.741,0.4175,0.0,60.53444,2.0,34.85878,0.00456,336.0
CHL,,2025,,,,,,0.0,242909.89842,1.309187,0.0,62.95474,0.511,36.632993,0.0,
CHN,,1995,,,320.0,980.0,,,,,,,,,,
CHN,,1996,,,2800.0,190.0,,,,,,,,,,
CHN,,1997,,,2900.0,200.0,,,,,,,,,,
CHN,,1998,,,3000.0,40.0,,,,,,,,,,
CHN,,1999,,,2300.0,250.0,,,,,,,,,,
CHN,,2000,,,2400.0,90.0,,,,,,,,,,
CHN,,2001,,,2400.0,150.0,,,,,,,,,,
CHN,,2002,,,2400.0,1000.0,,,,,,,,,,
CHN,,2003,,,2500.0,700.0,,,,,,,,,,
CHN,,2004,,,2630.0,1260.0,,,,,,,,,,
CHN,,2005,,,2820.0,2100.0,,,,,,,,,,
CHN,,2006,,,2820.0,1840.0,,,,,,,,,,
CHN,,2007,,,3010.0,1840.0,,,,,,,,,,
CHN,,2008,,,3290.0,1840.0,,,,,,,,,,
CHN,,2009,,,3760.0,1840.0,,,,,,,,,,
CHN,China,2010,1940.0,1440.0,3950.0,1500.0,,,,,,,,,,86.39999999999999
CHN,China,2011,6960.0,5120.0,4140.0,1500.0,,,,,,,,,,307.2
CHN,China,2012,16920.0,9860.0,4500.0,2200.0,,,,,,,,,,591.6
CHN,China,2013,32600.0,15730.0,4700.0,2600.0,,,,,,,,,,943.8
CHN,China,2014,85000.0,73000.0,2300.0,2800.0,,,,,,,,,,4380.0
CHN,China,2015,297000.0,211000.0,2000.0,2600.0,,,,,,,,,,12660.0
CHN,China,2016,630000.0,339000.0,2300.0,2300.0,,,,,,,,,,20340.0
CHN,China,2017,1210000.0,580000.0,6800.0,2500.0,,30682.273808,1333807.063843,100985.889,4303.12,35264100.495058,18807.272,0.0,224384.69761,34800.0
CHN,China,2018,2240000.0,1090000.0,7100.0,2000.0,,5193328.069765001,1349593.68343,365601.02885,4947.675,47204391.368494,13273.332,63260.119782,213897.868372,65400.0
CHN,China,2019,3370000.0,1060000.0,10800.0,2500.0,,29302.009663,12932.972,392741.792223,3236.999055,56327597.96143101,37257.186,196584.989233,189664.293042,63600.0
CHN,China,2020,4490000.0,1140000.0,13300.0,2200.0,,2797974.252737,1147520.781769,363058.655064,1636.983,39388003.518404,29019.276,25058.456351,165204.199977,68400.0
CHN,China,2021,7800000.0,3250000.0,14000.0,2200.0,,81012.960071,1251494.735868,19080.617,2463.703,43778524.545494005,5434.293,59456.310861,188050.118961,195000.0
CHN,China,2022,14100000.0,5900000.0,22600.0,1750.0,,4426362.646689001,1136352.027132,386210.815398,4100.736079,40173915.301062,22514.597,163023.755272,185933.144392,354000.0
CHN,China,2023,21800000.0,8100000.0,35700.0,1750.0,,6547106.154469,1006249.16666,416597.08776,4882.935,21577276.106613,36626.118,81927.639915,168761.094494,486000.0
CHN,China,2024,34000000.0,11300000.0,41000.0,1750.0,,8403596.480669,780990.990096,640464.085451,9271.031397,38009148.496193,122669.423951,29910.207295,126257.972,678000.0
COD,,1995,,,,1670.0,,,,,,,,,,
COD,,1996,,,,2000.0,,,,,,,,,,
COD,,1997,,,,3500.0,,,,,,,,,,
COD,,1998,,,,5000.0,,,,,,,,,,
COD,,1999,,,,7000.0,,,,,,,,,,
COD,,2000,,,,11000.0,,,,,,,,,,
COD,,2001,,,,12000.0,,,,,,,,,,
COD,,2002,,,,14600.0,,,,,,,,,,
COD,,2003,,,,14800.0,,,,,,,,,,
COD,,2004,,,,20200.0,,,,,,,,,,
COD,,2005,,,,24500.0,,,,,,,,,,
COD,,2006,,,,27100.0,,,,,,,,,,
COD,,2007,,,,25400.0,,,,,,,,,,
COD,,2008,,,,42461.0,,,,,,,,,,
COD,,2009,,,,56103.0,,,,,,,,,,
COD,,2010,,,,84005.0,,,,,,,,,,
COD,,2011,,,,99475.0,,,,,,,,,,
COD,,2012,,,,86433.0,,,,,,,,,,
COD,,2013,,,,76572.0,,,,,,,,,,
COD,,2014,,,,76474.95999999999,,,,,,,,,,
COD,,2015,,,,84400.475,,,,,,,,,,
COD,,2016,,,,69038.29000000001,,,,,,,,,,
COD,,2017,,,,90319.405,,,,,,,,,,
COD,,2018,,,,109402.3,,,,,,,,,,
COD,,2019,,,,77963.7,,,,,,,,,,
COD,,2020,,,,86591.0,,,,,,,,,,
COD,,2021,,,,93144.0,,,,,,,,,,
COD,,2022,,,,115371.0,,,,,,,,,,
COD,,2023,,,,139838.0,,,,,,,,,,
COD,,2024,,,,200779.0,,,,,,,,,,
CUB,,1995,,,,1591.0,,,,,,,,,,
CUB,,1996,,,,2011.0,,,,,,,,,,
CUB,,1997,,,,2358.0,,,,,,,,,,
CUB,,1998,,,,2665.0,,,,,,,,,,
CUB,,1999,,,,2537.0,,,,,,,,,,
CUB,,2000,,,,2852.0,,,,,,,,,,
CUB,,2001,,,,3425.0,,,,,,,,,,
CUB,,2002,,,,3442.0,,,,,,,,,,
CUB,,2003,,,,3274.0,,,,,,,,,,
CUB,,2004,,,,3554.0,,,,,,,,,,
CUB,,2005,,,,4798.0,,,,,,,,,,
CUB,,2006,,,,5602.0,,,,,,,,,,
CUB,,2007,,,,4540.0,,,,,,,,,,
CUB,,2008,,,,4000.0,,,,,,,,,,
CUB,,2009,,,,4600.0,,,,,,,,,,
CUB,,2010,,,,4800.0,,,,,,,,,,
CUB,,2011,,,,5100.0,,,,,,,,,,
CUB,,2012,,,,4700.0,,,,,,,,,,
CUB,,2013,,,,4000.0,,,,,,,,,,
CUB,,2014,,,,3700.0,,,,,,,,,,
CUB,,2015,,,,4000.0,,,,,,,,,,
CUB,,2016,,,,3900.0,,,,,,,,,,
CUB,,2017,,,,3900.0,,,,,,,,,,
CUB,,2018,,,,3500.0,,,,,,,,,,
CUB,,2019,,,,3800.0,,,,,,,,,,
CUB,,2020,,,,3793.2465,,,,,,,,,,
CUB,,2021,,,,3968.839,,,,,,,,,,
CUB,,2022,,,,3790.9954,,,,,,,,,,
CUB,,2023,,,,3237.2038,,,,,,,,,,
CUB,,2024,,,,3608.6493,,,,,,,,,,
DEU,Germany,2011,1840.0,1640.0,,,,,,,,,,,,98.39999999999999
DEU,Germany,2012,5300.0,3400.0,,,,,,,,,,,,204.0
DEU,Germany,2013,12200.0,6800.0,,,,,,,,,,,,408.0
DEU,Germany,2014,25400.0,13500.0,,,,,,,,,,,,810.0
DEU,Germany,2015,45000.0,23000.0,,,,,,,,,,,,1380.0
DEU,Germany,2016,66000.0,24000.0,,,,,,,,,,,,1440.0
DEU,Germany,2017,104000.0,54000.0,,,,1498960.518997,247280.502771,9.003046,736.126753,67709.84014100001,7526.949581999999,43561.401076,13747.271132,3240.0
DEU,Germany,2018,165000.0,67000.0,,,,1159401.067522,249624.985121,4.471,538.871749,66137.813765,6643.063536,55092.316466,14867.2125,4020.0
DEU,Germany,2019,240000.0,108000.0,,,,1099300.329145,210183.374304,2430.446513,540.981268,63652.388095,4667.0853990000005,48150.355935,14994.21979,6480.0
DEU,Germany,2020,610000.0,390000.0,,,,1093346.417425,203276.220696,2197.946099,383.977007,54932.587663000006,3921.982575,36868.422575,13634.894809,23400.0
DEU,Germany,2021,1250000.0,690000.0,,,,1190707.587634,212674.159538,5.0,617.3347049999999,58009.79158399999,4010.759334,49988.52693,17234.039373,41400.0
DEU,Germany,2022,1860000.0,830000.0,,,,3491.824219,196015.724209,2331.969058,2310.27026,60314.758292,4688.193241,66460.948422,15190.269707,49800.0
DEU,Germany,2023,2500000.0,700000.0,,,,1010128.123397,216724.487413,2224.8607420000003,2301.404164,51546.065712,3022.1065980000003,43139.829218,12193.454473,42000.0
DEU,Germany,2024,3100000.0,570000.0,,,,1243538.2093239997,174288.684761,2027.197034,1994.782853,50171.732907,2605.516161,50487.404246,15703.579307,34200.0
DNK,Denmark,2010,79.0,,,,,,,,,,,,,
DNK,Denmark,2011,500.0,422.0,,,,,,,,,,,,25.32
DNK,Denmark,2012,1214.0,502.0,,,,,,,,,,,,30.119999999999997
DNK,Denmark,2013,1514.0,510.0,,,,,,,,,,,,30.599999999999998
DNK,Denmark,2014,3000.0,1690.0,,,,,,,,,,,,101.39999999999999
DNK,Denmark,2015,8470.0,4720.0,,,,,,,,,,,,283.2
DNK,Denmark,2016,9800.0,1870.0,,,,,,,,,,,,112.2
DNK,Denmark,2017,10600.0,1330.0,,,,,,,,,,,,79.8
DNK,Denmark,2018,15200.0,4600.0,,,,,,,,,,,,276.0
DNK,Denmark,2019,25900.0,9400.0,,,,,,,,,,,,564.0
DNK,Denmark,2020,62000.0,32000.0,,,,,,,,,,,,1920.0
DNK,Denmark,2021,145000.0,65000.0,,,,,,,,,,,,3900.0
DNK,Denmark,2022,210000.0,57000.0,,,,,,,,,,,,3420.0
DNK,Denmark,2023,310000.0,80000.0,,,,,,,,,,,,4800.0
DNK,Denmark,2024,460000.0,96100.0,,,,,,,,,,,,5766.0
ESP,Spain,2011,468.0,398.0,,,,,,,,,,,,23.88
ESP,Spain,2012,1010.0,540.0,,,,,,,,,,,,32.4
ESP,Spain,2013,1890.0,882.0,,,,,,,,,,,,52.919999999999995
ESP,Spain,2014,3620.0,1730.0,,,,,,,,,,,,103.8
ESP,Spain,2015,5700.0,2080.0,,,,,,,,,,,,124.8
ESP,Spain,2016,9300.0,3500.0,,,,,,,,,,,,210.0
ESP,Spain,2017,16300.0,7400.0,,,,,,,,,,,,444.0
ESP,Spain,2018,28000.0,11600.0,,,,,,,,,,,,696.0
ESP,Spain,2019,45000.0,17400.0,,,,,,,,,,,,1044.0
ESP,Spain,2020,88000.0,42000.0,,,,,,,,,,,,2520.0
ESP,Spain,2021,155000.0,67000.0,,,,,,,,,,,,4020.0
ESP,Spain,2022,226000.0,82000.0,,,,,,,,,,,,4920.0
ESP,Spain,2023,360000.0,122000.0,,,,,,,,,,,,7320.0
ESP,Spain,2024,450000.0,128000.0,,,,,,,,,,,,7680.0
FIN,Finland,2012,240.0,181.0,,,,,,,,,,,,10.86
FIN,Finland,2013,470.0,220.0,,,,,,,,,,,,13.2
FIN,Finland,2014,930.0,440.0,,,,,,,,,,,,26.4
FIN,Finland,2015,1580.0,660.0,,,,,,,,,,,,39.6
FIN,Finland,2016,3240.0,1420.0,,,,,,,,,,,,85.2
FIN,Finland,2017,7100.0,3100.0,,,,,,,,,,,,186.0
FIN,Finland,2018,15400.0,5680.0,,,,,,,,,,,,340.8
FIN,Finland,2019,29700.0,7900.0,,,,,,,,,,,,474.0
FIN,Finland,2020,55700.0,17200.0,,,,,,,,,,,,1032.0
FIN,Finland,2021,100000.0,30000.0,,,,,,,,,,,,1800.0
FIN,Finland,2022,145000.0,31000.0,,,,,,,,,,,,1860.0
FIN,Finland,2023,224000.0,48000.0,,,,,,,,,,,,2880.0
FIN,Finland,2024,260000.0,37000.0,,,,,,,,,,,,2220.0
FRA,France,2010,,272.0,,,,,,,,,,,,16.32
FRA,France,2011,2996.0,2656.0,,,,,,,,,,,,159.35999999999999
FRA,France,2012,9300.0,6360.0,,,,,,,,,,,,381.59999999999997
FRA,France,2013,18500.0,9750.0,,,,,,,,,,,,585.0
FRA,France,2014,31600.0,13100.0,,,,,,,,,,,,786.0
FRA,France,2015,54300.0,23800.0,,,,,,,,,,,,1428.0
FRA,France,2016,84000.0,30600.0,,,,,,,,,,,,1836.0
FRA,France,2017,147000.0,38000.0,,,,,,,,,,,,2280.0
FRA,France,2018,188000.0,48000.0,,,,,,,,,,,,2880.0
FRA,France,2019,255000.0,64000.0,,,,,,,,,,,,3840.0
FRA,France,2020,440000.0,185000.0,,,,,,,,,,,,11100.0
FRA,France,2021,740000.0,310000.0,,,,,,,,,,,,18600.0
FRA,France,2022,1050000.0,340000.0,,,,,,,,,,,,20400.0
FRA,France,2023,1570000.0,470000.0,,,,,,,,,,,,28200.0
FRA,France,2024,1750000.0,450000.0,,,,,,,,,,,,27000.0
GBR,United Kingdom,2010,1521.0,261.0,,,,,,,,,,,,15.66
GBR,United Kingdom,2011,2628.0,1207.0,,,,,,,,,,,,72.42
GBR,United Kingdom,2012,5090.0,2570.0,,,,,,,,,,,,154.2
GBR,United Kingdom,2013,8200.0,3700.0,,,,,,,,,,,,222.0
GBR,United Kingdom,2014,21700.0,14500.0,,,,,,,,,,,,870.0
GBR,United Kingdom,2015,48000.0,29000.0,,,,,,,,,,,,1740.0
GBR,United Kingdom,2016,85000.0,39000.0,,,,,,,,,,,,2340.0
GBR,United Kingdom,2017,129000.0,49000.0,,,,,,,,,,,,2940.0
GBR,United Kingdom,2018,186000.0,62000.0,,,,,,,,,,,,3720.0
GBR,United Kingdom,2019,251000.0,75000.0,,,,,,,,,,,,4500.0
GBR,United Kingdom,2020,410000.0,178000.0,,,,,,,,,,,,10680.0
GBR,United Kingdom,2021,710000.0,310000.0,,,,,,,,,,,,18600.0
GBR,United Kingdom,2022,950000.0,370000.0,,,,,,,,,,,,22200.0
GBR,United Kingdom,2023,1580000.0,450000.0,,,,,,,,,,,,27000.0
GBR,United Kingdom,2024,2170000.0,550000.0,,,,,,,,,,,,33000.0
GRC,Greece,2015,119.0,57.0,,,,,,,,,,,,3.42
GRC,Greece,2016,218.0,97.0,,,,,,,,,,,,5.819999999999999
GRC,Greece,2017,410.0,190.0,,,,,,,,,,,,11.4
GRC,Greece,2018,720.0,298.0,,,,,,,,,,,,17.88
GRC,Greece,2019,1200.0,480.0,,,,,,,,,,,,28.799999999999997
GRC,Greece,2020,3300.0,2180.0,,,,,,,,,,,,130.79999999999998
GRC,Greece,2021,10300.0,7000.0,,,,,,,,,,,,420.0
GRC,Greece,2022,19400.0,8300.0,,,,,,,,,,,,498.0
GRC,Greece,2023,34000.0,17000.0,,,,,,,,,,,,1020.0
GRC,Greece,2024,45000.0,17000.0,,,,,,,,,,,,1020.0
IND,India,2019,8607.0,687.0,,,,,,,,,,,,41.22
IND,India,2020,12050.0,3143.0,,,,,,,,,,,,188.57999999999998
IND,India,2021,23100.0,12050.0,,,,,,,,,,,,723.0
IND,India,2022,72120.0,48023.0,,,,,,,,,,,,2881.38
IND,India,2023,150390.0,82270.0,,,,,,,,,,,,4936.2
IND,India,2024,240480.0,92095.0,,,,,,,,,,,,5525.7
ISL,Iceland,2012,40.0,26.0,,,,,,,,,,,,1.56
ISL,Iceland,2013,142.0,103.0,,,,,,,,,,,,6.18
ISL,Iceland,2014,292.0,229.0,,,,,,,,,,,,13.74
ISL,Iceland,2015,710.0,560.0,,,,,,,,,,,,33.6
ISL,Iceland,2016,1560.0,1160.0,,,,,,,,,,,,69.6
ISL,Iceland,2017,3900.0,3040.0,,,,,,,,,,,,182.4
ISL,Iceland,2018,8000.0,3680.0,,,,,,,,,,,,220.79999999999998
ISL,Iceland,2019,11000.0,3100.0,,,,,,,,,,,,186.0
ISL,Iceland,2020,15000.0,4900.0,,,,,,,,,,,,294.0
ISL,Iceland,2021,21500.0,9100.0,,,,,,,,,,,,546.0
ISL,Iceland,2022,33000.0,12000.0,,,,,,,,,,,,720.0
ISL,Iceland,2023,44000.0,12400.0,,,,,,,,,,,,744.0
ISL,Iceland,2024,53000.0,4300.0,,,,,,,,,,,,258.0
ISR,Israel,2012,611.0,601.0,,,,,,,,,,,,36.059999999999995
ISR,Israel,2013,1018.0,477.0,,,,,,,,,,,,28.619999999999997
ISR,Israel,2014,1270.0,58.0,,,,,,,,,,,,3.48
ISR,Israel,2015,1340.0,68.0,,,,,,,,,,,,4.08
ISR,Israel,2016,1400.0,68.0,,,,,,,,,,,,4.08
ISR,Israel,2017,3100.0,1630.0,,,,,,,,,,,,97.8
ISR,Israel,2018,6800.0,3730.0,,,,,,,,,,,,223.79999999999998
ISR,Israel,2019,11400.0,4750.0,,,,,,,,,,,,285.0
ISR,Israel,2020,18800.0,6900.0,,,,,,,,,,,,414.0
ISR,Israel,2021,43000.0,24000.0,,,,,,,,,,,,1440.0
ISR,Israel,2022,88000.0,43000.0,,,,,,,,,,,,2580.0
ISR,Israel,2023,151000.0,65000.0,,,,,,,,,,,,3900.0
ISR,Israel,2024,228000.0,76400.0,,,,,,,,,,,,4584.0
ITA,Italy,2013,2180.0,1040.0,,,,,,,,,,,,62.4
ITA,Italy,2014,3620.0,1340.0,,,,,,,,,,,,80.39999999999999
ITA,Italy,2015,5700.0,2240.0,,,,,,,,,,,,134.4
ITA,Italy,2016,8500.0,2700.0,,,,,,,,,,,,162.0
ITA,Italy,2017,13400.0,4900.0,,,,,,,,,,,,294.0
ITA,Italy,2018,23000.0,9700.0,,,,,,,,,,,,582.0
ITA,Italy,2019,40000.0,17500.0,,,,,,,,,,,,1050.0
ITA,Italy,2020,99000.0,60000.0,,,,,,,,,,,,3600.0
ITA,Italy,2021,230000.0,138000.0,,,,,,,,,,,,8280.0
ITA,Italy,2022,350000.0,114000.0,,,,,,,,,,,,6840.0
ITA,Italy,2023,490000.0,136000.0,,,,,,,,,,,,8160.0
ITA,Italy,2024,600000.0,118000.0,,,,,,,,,,,,7080.0
JPN,Japan,2011,16015.0,13015.0,,,,,,,,,,,,780.9
JPN,Japan,2012,41000.0,24000.0,,,,,,,,,,,,1440.0
JPN,Japan,2013,69000.0,29000.0,,,,,,,,,,,,1740.0
JPN,Japan,2014,111000.0,32000.0,,,,,,,,,,,,1920.0
JPN,Japan,2015,134000.0,24000.0,,,,,,,,,,,,1440.0
JPN,Japan,2016,153000.0,24400.0,,,,,,,,,,,,1464.0
JPN,Japan,2017,200000.0,54000.0,,,,535733.338452,18318.335284000004,0.208285,3502.225,3629717.929,23473.2,51949.819711,1148.548159,3240.0
JPN,Japan,2018,230000.0,50000.0,,,,462962.315696,18603.255,9706.813,2682.489,3710597.238584,16502.308,57879.272585,837.815519,3000.0
JPN,Japan,2019,260000.0,39000.0,,,,396868.665854,26249.56829,9165.814,3004.269,3890933.359,19135.234,48374.867416,924.64271,2340.0
JPN,Japan,2020,300000.0,30000.0,,,,308679.559081,36040.283174,8097.138,3748.219,2551230.335804,28694.515,34778.531253,927.885461,1800.0
JPN,Japan,2021,340000.0,45000.0,,,,491555.810402,40619.786206,0.0,3141.271,3132920.207,16312.365,45967.60216,1045.921572,2700.0
JPN,Japan,2022,410000.0,97000.0,,,,2233387.680233,564609.758165,7478.68,2490.993,2557765.642606,10614.547,41692.117301,1101.252962,5820.0
JPN,Japan,2023,540000.0,140000.0,,,,2413286.671013,1077320.145479,6548.597,3549.444,1167088.060225,22427.368,36707.508909,637.938951,8400.0
JPN,Japan,2024,620000.0,103000.0,,,,527066.786888,92266.15769,4482.326,2952.97,638401.32576,23771.055,29653.269305,954.631805,6180.0
JPN,,2025,,,,,,200317.984487,42525.146772,3609.8,2803.768,792660.0500640001,30107.619,31619.10553,927.366575,
KOR,South Korea,2015,6050.0,3350.0,,,,,,,,,,,,201.0
KOR,South Korea,2016,10580.0,5030.0,,,,,,,,,,,,301.8
KOR,South Korea,2017,25300.0,14670.0,,,,20754.777550000003,177189.07436,0.02827,2087.85398,3398015.770635,6199.4805,40326.258396,409.96223,880.1999999999999
KOR,South Korea,2018,60600.0,59400.0,,,,198775.29239,189246.37841,2797.09465,609.707701,3378585.8482,3331.433,58343.187113,646.3028499999999,3564.0
KOR,South Korea,2019,100000.0,35700.0,,,,38577.80653,202145.13186,466.69096,2817.68616,3192518.982711,2175.87878,0.0,191.79359,2142.0
KOR,South Korea,2020,144000.0,39700.0,,,,184414.497926,157501.10705,6512.322676,5826.49046,2958880.352805,1842.23815,0.0,238.216478,2382.0
KOR,South Korea,2021,234000.0,91000.0,,,,215181.47091499995,161923.397279,0.0191,736.44092,3216085.988162,2549.1579,52420.953572,114.373778,5460.0
KOR,South Korea,2022,357000.0,131000.0,,,,219788.061456,169523.835281,10776.956355,1322.70615,2687510.773116,3457.370825,48358.414749,201.198689,7860.0
KOR,South Korea,2023,489000.0,132000.0,,,,138513.091653,120576.65419,12352.959508,621.08934,3035545.7663720003,5293.6433,0.0,199.487406,7920.0
KOR,South Korea,2024,617000.0,127900.0,,,,304503.31350199995,132566.019191,8097.077547999999,114.723275,2692847.222932,3343.7314,28800.924966,2691.937207,7674.0
MAR,,1995,,,,537.0,,,,,,,,,,
MAR,,1996,,,,565.0,,,,,,,,,,
MAR,,1997,,,,714.0,,,,,,,,,,
MAR,,1998,,,,287.0,,,,,,,,,,
MAR,,1999,,,,863.0,,,,,,,,,,
MAR,,2000,,,,967.0,,,,,,,,,,
MAR,,2001,,,,1242.0,,,,,,,,,,
MAR,,2002,,,,1453.0,,,,,,,,,,
MAR,,2003,,,,1391.0,,,,,,,,,,
MAR,,2004,,,,1600.0,,,,,,,,,,
MAR,,2005,,,,1600.0,,,,,,,,,,
MAR,,2006,,,,2600.0,,,,,,,,,,
MAR,,2007,,,,1800.0,,,,,,,,,,
MAR,,2008,,,,1700.0,,,,,,,,,,
MAR,,2009,,,,2610.0,,,,,,,,,,
MAR,,2010,,,,3110.0,,,,,,,,,,
MAR,,2011,,,,2160.0,,,,,,,,,,
MAR,,2012,,,,2000.0,,,,,,,,,,
MAR,,2013,,,,2000.0,,,,,,,,,,
MAR,,2014,,,,2150.0,,,,,,,,,,
MAR,,2015,,,,2250.0,,,,,,,,,,
MAR,,2016,,,,2729.869,,,,,,,,,,
MAR,,2017,,,,2523.9153,,,,,,,,,,
MAR,,2018,,,,1806.0,,,,,,,,,,
MAR,,2019,,,,2397.0,,,,,,,,,,
MAR,,2020,,,,2416.0,,,,,,,,,,
MAR,,2021,,,,1796.0,,,,,,,,,,
MAR,,2022,,,,1690.0,,,,,,,,,,
MAR,,2023,,,,1690.0,,,,,,,,,,
MAR,,2024,,,,1690.0,,,,,,,,,,
MDG,,1995,,,,0.0,,,,,,,,,,
MDG,,1996,,,,0.0,,,,,,,,,,
MDG,,1997,,,,0.0,,,,,,,,,,
MDG,,1998,,,,0.0,,,,,,,,,,
MDG,,1999,,,,0.0,,,,,,,,,,
MDG,,2000,,,,0.0,,,,,,,,,,
MDG,,2001,,,,0.0,,,,,,,,,,
MDG,,2002,,,,0.0,,,,,,,,,,
MDG,,2003,,,,0.0,,,,,,,,,,
MDG,,2004,,,,0.0,,,,,,,,,,
MDG,,2005,,,,0.0,,,,,,,,,,
MDG,,2006,,,,0.0,,,,,,,,,,
MDG,,2007,,,,0.0,,,,,,,,,,
MDG,,2008,,,,0.0,,,,,,,,,,
MDG,,2009,,,,0.0,,,,,,,,,,
MDG,,2010,,,,165.0,,,,,,,,,,
MDG,,2011,,,,500.0,,,,,,,,,,
MDG,,2012,,,,600.0,,,,,,,,,,
MDG,,2013,,,,2400.0,,,,,,,,,,
MDG,,2014,,,,3400.0,,,,,,,,,,
MDG,,2015,,,,4000.0,,,,,,,,,,
MDG,,2016,,,,3800.0,,,,,,,,,,
MDG,,2017,,,,3053.0,,,,,,,,,,
MDG,,2018,,,,2852.0,,,,,,,,,,
MDG,,2019,,,,2897.0,,,,,,,,,,
MDG,,2020,,,,833.0,,,,,,,,,,
MDG,,2021,,,,2000.0,,,,,,,,,,
MDG,,2022,,,,3300.0,,,,,,,,,,
MDG,,2023,,,,3500.0,,,,,,,,,,
MDG,,2024,,,,2600.0,,,,,,,,,,
MEX,Mexico,2015,247.0,99.0,,,,,,,,,,,,5.9399999999999995
MEX,Mexico,2016,1030.0,770.0,,,,,,,,,,,,46.199999999999996
MEX,Mexico,2017,2230.0,1200.0,,,,42312.11973,22788.510595,0.0,0.189804,3341.237633,0.0,1941.620587,3520.238557,72.0
MEX,Mexico,2018,4030.0,1800.0,,,,3.222642,11162.638304,0.0,0.009364,3331.750214,0.0,0.0,1939.375723,108.0
MEX,Mexico,2019,5600.0,1690.0,,,,0.0,14175.314805,0.0,0.0,203.963456,0.0,2347.930749,0.0,101.39999999999999
MEX,Mexico,2020,9500.0,3800.0,,,,0.0,13104.406642999998,0.0,0.0,776.816613,8.055363,2013.052445,0.0,228.0
MEX,Mexico,2021,16000.0,6500.0,,,,73189.646916,0.0,0.0,0.0,1884.297,0.0,1122.567438,3822.75,390.0
MEX,Mexico,2022,24000.0,8400.0,,,,104139.864,90810.406,4.991,0.0,2255.733,0.0,4041.562,6152.964,504.0
MEX,Mexico,2023,41000.0,16100.0,,,,102226.728,74984.755,3.031,0.0,1787.519,0.0,3640.614,2882.65,966.0
MEX,Mexico,2024,68000.0,27100.0,,,,96240.636,104786.395,4.428,0.0,2233.206,0.0,3899.672,5240.751,1626.0
MEX,,2025,,,,,,96659.125,109134.924,0.0,0.0,1844.371,0.0,3461.667,6044.946,
NCL,,1995,,,,1100.0,,,,,,,,,,
NCL,,1996,,,,1100.0,,,,,,,,,,
NCL,,1997,,,,1000.0,,,,,,,,,,
NCL,,1998,,,,1000.0,,,,,,,,,,
NCL,,1999,,,,1100.0,,,,,,,,,,
NCL,,2000,,,,1200.0,,,,,,,,,,
NCL,,2001,,,,1400.0,,,,,,,,,,
NCL,,2002,,,,2780.0,,,,,,,,,,
NCL,,2003,,,,2602.0,,,,,,,,,,
NCL,,2004,,,,2726.0,,,,,,,,,,
NCL,,2005,,,,1769.0,,,,,,,,,,
NCL,,2006,,,,1629.0,,,,,,,,,,
NCL,,2007,,,,2250.0,,,,,,,,,,
NCL,,2008,,,,2110.0,,,,,,,,,,
NCL,,2009,,,,2000.0,,,,,,,,,,
NCL,,2010,,,,2850.0,,,,,,,,,,
NCL,,2011,,,,3100.0,,,,,,,,,,
NCL,,2012,,,,2670.0,,,,,,,,,,
NCL,,2013,,,,3190.0,,,,,,,,,,
NCL,,2014,,,,4040.0,,,,,,,,,,
NCL,,2015,,,,3640.0,,,,,,,,,,
NCL,,2016,,,,3188.0,,,,,,,,,,
NCL,,2017,,,,2780.0,,,,,,,,,,
NCL,,2018,,,,2104.0,,,,,,,,,,
NCL,,2019,,,,1703.0,,,,,,,,,,
NCL,,2020,,,,2197.0,,,,,,,,,,
NCL,,2021,,,,1500.0,,,,,,,,,,
NCL,,2022,,,,1770.0,,,,,,,,,,
NCL,,2023,,,,1770.0,,,,,,,,,,
NCL,,2024,,,,1770.0,,,,,,,,,,
NLD,Netherlands,2010,281.0,,,,,,,,,,,,,
NLD,Netherlands,2011,1126.0,877.0,,,,,,,,,,,,52.62
NLD,Netherlands,2012,6300.0,5090.0,,,,,,,,,,,,305.4
NLD,Netherlands,2013,28200.0,22600.0,,,,,,,,,,,,1356.0
NLD,Netherlands,2014,43800.0,14700.0,,,,,,,,,,,,882.0
NLD,Netherlands,2015,88400.0,15400.0,,,,,,,,,,,,924.0
NLD,Netherlands,2016,112000.0,43000.0,,,,,,,,,,,,2580.0
NLD,Netherlands,2017,118000.0,26000.0,,,,155963.1929,122406.495,4.8471660000000005,1179.160617,19024.719318,48942.618507,13999.704,12649.998,1560.0
NLD,Netherlands,2018,143000.0,27600.0,,,,178367.657,148256.793,2149.666659,1012.970171,49889.819441,42059.96343900001,5189.856,7493.546983,1656.0
NLD,Netherlands,2019,207000.0,66500.0,,,,136698.880601,150549.09399999998,2233.724242,2183.410638,34742.667238999995,46422.645,11720.794,9198.856,3990.0
NLD,Netherlands,2020,290000.0,87000.0,,,,116734.895988,124615.17923,3007.58891,3183.1593820000003,35315.339351,38419.3388,12285.577,12053.791,5220.0
NLD,Netherlands,2021,390000.0,94000.0,,,,112258.029718,133070.341444,2.429,2668.905072,35688.542,43038.014,9737.662,11597.188,5640.0
NLD,Netherlands,2022,530000.0,107000.0,,,,131546.173286,149814.41700000002,4347.518797,3267.772187,54825.645736,37650.295000000006,15902.314,28715.54,6420.0
NLD,Netherlands,2023,730000.0,156000.0,,,,127194.548538,92777.581538,2374.933954,1765.386851,35623.772258000005,50018.293,10715.461,11676.573013,9360.0
NLD,Netherlands,2024,980000.0,182000.0,,,,143414.09689899997,99862.492121,2310.911282,1753.6927260000002,27904.669995,34850.266156000005,8936.849209,11103.469307,10920.0
NOR,Norway,2010,2702.0,,,,,,,,,,,,,
NOR,Norway,2011,3903.0,,,,,,,,,,,,,
NOR,Norway,2012,8340.0,4220.0,,,,,,,,,,,,253.2
NOR,Norway,2013,15660.0,8240.0,,,,,,,,,,,,494.4
NOR,Norway,2014,35300.0,21700.0,,,,,,,,,,,,1302.0
NOR,Norway,2015,69000.0,33900.0,,,,,,,,,,,,2034.0
NOR,Norway,2016,114000.0,45000.0,,,,,,,,,,,,2700.0
NOR,Norway,2017,180000.0,62000.0,,,,,,,,,,,,3720.0
NOR,Norway,2018,247000.0,73000.0,,,,,,,,,,,,4380.0
NOR,Norway,2019,330000.0,79000.0,,,,,,,,,,,,4740.0
NOR,Norway,2020,490000.0,106000.0,,,,,,,,,,,,6360.0
NOR,Norway,2021,630000.0,148000.0,,,,,,,,,,,,8880.0
NOR,Norway,2022,790000.0,156000.0,,,,,,,,,,,,9360.0
NOR,Norway,2023,900000.0,110000.0,,,,,,,,,,,,6600.0
NOR,Norway,2024,960000.0,113500.0,,,,,,,,,,,,6810.0
NZL,New Zealand,2011,29.0,15.0,,,,,,,,,,,,0.8999999999999999
NZL,New Zealand,2012,56.0,27.0,,,,,,,,,,,,1.6199999999999999
NZL,New Zealand,2013,92.0,36.0,,,,,,,,,,,,2.16
NZL,New Zealand,2014,410.0,320.0,,,,,,,,,,,,19.2
NZL,New Zealand,2015,910.0,500.0,,,,,,,,,,,,30.0
NZL,New Zealand,2016,2360.0,1540.0,,,,,,,,,,,,92.39999999999999
NZL,New Zealand,2017,5900.0,3440.0,,,,,,,,,,,,206.4
NZL,New Zealand,2018,11400.0,5600.0,,,,,,,,,,,,336.0
NZL,New Zealand,2019,17400.0,6900.0,,,,,,,,,,,,414.0
NZL,New Zealand,2020,22900.0,5400.0,,,,,,,,,,,,324.0
NZL,New Zealand,2021,35400.0,10300.0,,,,,,,,,,,,618.0
NZL,New Zealand,2022,65000.0,28200.0,,,,,,,,,,,,1692.0
NZL,New Zealand,2023,92000.0,30000.0,,,,,,,,,,,,1800.0
NZL,New Zealand,2024,113000.0,9700.0,,,,,,,,,,,,582.0
OWID_WRL,,1995,,,9485.481,20654.0,,,,,,,,,,
OWID_WRL,,1996,,,14783.804,23015.0,,,,,,,,,,
OWID_WRL,,1997,,,15591.14,24303.0,,,,,,,,,,
OWID_WRL,,1998,,,14192.644,26941.0,,,,,,,,,,
OWID_WRL,,1999,,,12875.787,29013.346,,,,,,,,,,
OWID_WRL,,2000,,,14283.851,34799.48,,,,,,,,,,
OWID_WRL,,2001,,,14002.716,39669.94,,,,,,,,,,
OWID_WRL,,2002,,,15486.188,44904.0,,,,,,,,,,
OWID_WRL,,2003,,,18086.103000000003,44579.0,,,,,,,,,,
OWID_WRL,,2004,,,19361.534,54255.0,,,,,,,,,,
OWID_WRL,,2005,,,20947.239,60607.0,,,,,,,,,,
OWID_WRL,,2006,,,24263.863,66331.0,,,,,,,,,,
OWID_WRL,,2007,,,26374.807,66382.0,,,,,,,,,,
OWID_WRL,,2008,,,26328.201,82928.0,,,,,,,,,,
OWID_WRL,,2009,,,19532.03,93532.0,,,,,,,,,,
OWID_WRL,World,2010,20400.0,7450.0,26476.818000000003,129462.0,,,,,,,,,,447.0
OWID_WRL,World,2011,67500.0,49000.0,33033.84,148242.0,,,,,,,,,,2940.0
OWID_WRL,World,2012,190000.0,118000.0,34745.956,135436.0,,,,,,,,,,7080.0
OWID_WRL,World,2013,390000.0,201000.0,30391.504,131582.0,,,,,,,,,,12060.0
OWID_WRL,World,2014,710000.0,330000.0,30951.284,130733.22,,,,,,,,,,19800.0
OWID_WRL,World,2015,1250000.0,520000.0,29543.085000000003,137217.47999999998,,,,,,,,,,31200.0
OWID_WRL,World,2016,2000000.0,780000.0,38217.278,118418.44,,,,,,,,,,46800.0
OWID_WRL,World,2017,3100000.0,1200000.0,50850.212,137319.23,,,,,,,,,,72000.0
OWID_WRL,World,2018,5100000.0,2050000.0,95134.28,150927.3,,,,,,,,,,123000.0
OWID_WRL,World,2019,7200000.0,2080000.0,86921.616,120029.7,,,,,,,,,,124800.0
OWID_WRL,World,2020,10200000.0,2970000.0,83705.12999999999,131468.75,,,,,,,,,,178200.0
OWID_WRL,World,2021,16300000.0,6600000.0,107859.665,137523.56,,,,,,,,,,396000.0
OWID_WRL,World,2022,26000000.0,10200000.0,157809.71,168290.77000000002,,,,,,,,,,612000.0
OWID_WRL,World,2023,40000000.0,13700000.0,211411.68,203355.71,,,,,,,,,,822000.0
OWID_WRL,World,2024,58000000.0,17500000.0,244636.8,270815.95,,,,,,,,,,1050000.0
PER,,2017,,,,,,13022.8729,15.69881,0.0,0.0,81.629,0.26269,0.0,0.0,
PER,,2018,,,,,,12420.67327,637.544046,0.07769,0.0,87.7878,0.4062,0.0,1.02,
PER,,2019,,,,,,15762.27659,318.31158,0.16998,0.0,80.22009,1.3258,0.0,0.0,
PER,,2020,,,,,,9391.029369999998,1115.70129,1.22163,0.0,76.42799000000001,0.2,91.880826,0.0,
PER,,2021,,,,,,10231.54462,2748.93796,0.0,0.0,97.00684,0.87764,72.03492999999999,0.0,
PER,,2022,,,,,,4459.364528,7.0,0.968361,0.0,109.5351,1.2134,56.898547,0.0,
PER,,2023,,,,,,2880.64904,53700.96832,1.55445,0.0,84.12877999999999,5.4,97.573579,0.6197999999999999,
PER,,2024,,,,,,3184.885081,0.0,1.35051,0.0,94.40237,5.88244,0.0,0.4,
PHL,,1995,,,,0.0,,,,,,,,,,
PHL,,1996,,,,0.0,,,,,,,,,,
PHL,,1997,,,,0.0,,,,,,,,,,
PHL,,1998,,,,0.0,,,,,,,,,,
PHL,,1999,,,,0.0,,,,,,,,,,
PHL,,2000,,,,0.0,,,,,,,,,,
PHL,,2001,,,,0.0,,,,,,,,,,
PHL,,2002,,,,0.0,,,,,,,,,,
PHL,,2003,,,,100.0,,,,,,,,,,
PHL,,2004,,,,100.0,,,,,,,,,,
PHL,,2005,,,,300.0,,,,,,,,,,
PHL,,2006,,,,900.0,,,,,,,,,,
PHL,,2007,,,,1000.0,,,,,,,,,,
PHL,,2008,,,,1200.0,,,,,,,,,,
PHL,,2009,,,,1400.0,,,,,,,,,,
PHL,,2010,,,,2100.0,,,,,,,,,,
PHL,,2011,,,,2000.0,,,,,,,,,,
PHL,,2012,,,,2700.0,,,,,,,,,,
PHL,,2013,,,,2800.0,,,,,,,,,,
PHL,,2014,,,,4600.0,,,,,,,,,,
PHL,,2015,,,,4300.0,,,,,,,,,,
PHL,,2016,,,,4000.0,,,,,,,,,,
PHL,,2017,,,,4600.0,,,,,,,,,,
PHL,,2018,,,,4750.0,,,,,,,,,,
PHL,,2019,,,,5100.0,,,,,,,,,,
PHL,,2020,,,,4922.5044,,,,,,,,,,
PHL,,2021,,,,4329.723000000001,,,,,,,,,,
PHL,,2022,,,,4650.777,,,,,,,,,,
PHL,,2023,,,,4473.510700000001,,,,,,,,,,
PHL,,2024,,,,4123.06,,,,,,,,,,
PNG,,1995,,,,0.0,,,,,,,,,,
PNG,,1996,,,,0.0,,,,,,,,,,
PNG,,1997,,,,0.0,,,,,,,,,,
PNG,,1998,,,,0.0,,,,,,,,,,
PNG,,1999,,,,0.0,,,,,,,,,,
PNG,,2000,,,,0.0,,,,,,,,,,
PNG,,2001,,,,0.0,,,,,,,,,,
PNG,,2002,,,,0.0,,,,,,,,,,
PNG,,2003,,,,0.0,,,,,,,,,,
PNG,,2004,,,,0.0,,,,,,,,,,
PNG,,2005,,,,0.0,,,,,,,,,,
PNG,,2006,,,,0.0,,,,,,,,,,
PNG,,2007,,,,0.0,,,,,,,,,,
PNG,,2008,,,,0.0,,,,,,,,,,
PNG,,2009,,,,0.0,,,,,,,,,,
PNG,,2010,,,,0.0,,,,,,,,,,
PNG,,2011,,,,0.0,,,,,,,,,,
PNG,,2012,,,,469.0,,,,,,,,,,
PNG,,2013,,,,1013.0,,,,,,,,,,
PNG,,2014,,,,2134.0,,,,,,,,,,
PNG,,2015,,,,2505.0,,,,,,,,,,
PNG,,2016,,,,2190.0,,,,,,,,,,
PNG,,2017,,,,3310.0,,,,,,,,,,
PNG,,2018,,,,3280.0,,,,,,,,,,
PNG,,2019,,,,2910.0,,,,,,,,,,
PNG,,2020,,,,2940.0,,,,,,,,,,
PNG,,2021,,,,2953.0,,,,,,,,,,
PNG,,2022,,,,2990.0,,,,,,,,,,
PNG,,2023,,,,3070.0,,,,,,,,,,
PNG,,2024,,,,2800.0,,,,,,,,,,
POL,Poland,2010,,16.0,,,,,,,,,,,,0.96
POL,Poland,2012,,48.0,,,,,,,,,,,,2.88
POL,Poland,2013,,37.0,,,,,,,,,,,,2.2199999999999998
POL,Poland,2014,,201.0,,,,,,,,,,,,12.059999999999999
POL,Poland,2015,,220.0,,,,,,,,,,,,13.2
POL,Poland,2016,,510.0,,,,,,,,,,,,30.599999999999998
POL,Poland,2017,,1080.0,,,,,,,,,,,,64.8
POL,Poland,2018,,1380.0,,,,,,,,,,,,82.8
POL,Poland,2019,8600.0,2700.0,,,,,,,,,,,,162.0
POL,Poland,2020,17700.0,8200.0,,,,,,,,,,,,492.0
POL,Poland,2021,37000.0,16300.0,,,,,,,,,,,,978.0
POL,Poland,2022,61000.0,25000.0,,,,,,,,,,,,1500.0
POL,Poland,2023,99000.0,30000.0,,,,,,,,,,,,1800.0
POL,Poland,2024,119000.0,32000.0,,,,,,,,,,,,1920.0
PRT,,1995,,,160.0,,,,,,,,,,,
PRT,,1996,,,160.0,,,,,,,,,,,
PRT,,1997,,,180.0,,,,,,,,,,,
PRT,,1998,,,160.0,,,,,,,,,,,
PRT,,1999,,,222.93,,,,,,,,,,,
PRT,,2000,,,140.28,,,,,,,,,,,
PRT,,2001,,,173.565,,,,,,,,,,,
PRT,,2002,,,244.875,,,,,,,,,,,
PRT,,2003,,,369.09,,,,,,,,,,,
PRT,,2004,,,430.44,,,,,,,,,,,
PRT,,2005,,,392.775,,,,,,,,,,,
PRT,,2006,,,427.45933,,,,,,,,,,,
PRT,,2007,,,521.32004,,,,,,,,,,,
PRT,,2008,,,523.3165600000001,,,,,,,,,,,
PRT,,2009,,,560.384,,,,,,,,,,,
PRT,,2010,,,601.635,,,,,,,,,,,
PRT,Portugal,2011,,172.0,563.0118,,,,,,,,,,,10.32
PRT,Portugal,2012,,84.0,310.47,,,,,,,,,,,5.04
PRT,Portugal,2013,1137.0,185.0,299.1018,,,,,,,,,,,11.1
PRT,Portugal,2014,1346.0,288.0,261.885,,,,,,,,,,,17.28
PRT,Portugal,2015,2530.0,1100.0,256.79928,,,,,,,,,,,66.0
PRT,Portugal,2016,4400.0,1800.0,386.37,,,,,,,,,,,108.0
PRT,Portugal,2017,8800.0,4400.0,761.1492,,,,,,,,,,,264.0
PRT,Portugal,2018,16700.0,8200.0,1152.2738,,,,,,,,,,,492.0
PRT,Portugal,2019,30000.0,12600.0,898.67806,,,,,,,,,,,756.0
PRT,Portugal,2020,49000.0,19800.0,347.775,,,,,,,,,,,1188.0
PRT,Portugal,2021,78000.0,29000.0,900.0,,,,,,,,,,,1740.0
PRT,Portugal,2022,111000.0,34000.0,380.0,,,,,,,,,,,2040.0
PRT,Portugal,2023,175000.0,63000.0,380.0,,,,,,,,,,,3780.0
PRT,Portugal,2024,240000.0,70000.0,380.0,,,,,,,,,,,4200.0
RUS,,1995,,,,3500.0,,,,,,,,,,
RUS,,1996,,,,3300.0,,,,,,,,,,
RUS,,1997,,,,3300.0,,,,,,,,,,
RUS,,1998,,,,3600.0,,,,,,,,,,
RUS,,1999,,,,3900.0,,,,,,,,,,
RUS,,2000,,,,4000.0,,,,,,,,,,
RUS,,2001,,,,4600.0,,,,,,,,,,
RUS,,2002,,,,4600.0,,,,,,,,,,
RUS,,2003,,,,6100.0,,,,,,,,,,
RUS,,2004,,,,6000.0,,,,,,,,,,
RUS,,2005,,,,6300.0,,,,,,,,,,
RUS,,2006,,,,6300.0,,,,,,,,,,
RUS,,2007,,,,6300.0,,,,,,,,,,
RUS,,2008,,,,6200.0,,,,,,,,,,
RUS,,2009,,,,6100.0,,,,,,,,,,
RUS,,2010,,,,6200.0,,,,,,,,,,
RUS,,2011,,,,6100.0,,,,,,,,,,
RUS,,2012,,,,6300.0,,,,,,,,,,
RUS,,2013,,,,6300.0,,,,,,,,,,
RUS,,2014,,,,6300.0,,,,,,,,,,
RUS,,2015,,,,6200.0,,,,,,,,,,
RUS,,2016,,,,5500.0,,,,,,,,,,
RUS,,2017,,,,5900.0,,395990.22335,374604.47992,0.0,5093.9235,11737.318808,257429.854,3608.17241,3096.3051830000004,
RUS,,2018,,,,6100.0,,825566.465546,465756.15923,68.24572,6451.189,617.42335,268964.6562,2359.75295,4935.434190000001,
RUS,,2019,,,,6300.0,,7413.824009999999,397141.776,95.79499,8571.032278,242.17279,212318.668,3260.95679,2067.12034,
RUS,,2020,,,,9700.0,,7469.533895,326781.640135,59.471503,7984.603599999999,272.10213100000004,285484.72189,2744.66629,15220.71,
RUS,,2021,,,,8000.0,,269257.258431,354387.83744200005,0.145,3806.52201,215.071552,297054.404174,3881.99772,7567.0499,
RUS,,2022,,,,9200.0,,,,,,,,,,
RUS,,2023,,,,8700.0,,,,,,,,,,
RUS,,2024,,,,8700.0,,,,,,,,,,
SWE,Sweden,2012,1250.0,930.0,,,,,,,,,,,,55.8
SWE,Sweden,2013,2600.0,1530.0,,,,,,,,,,,,91.8
SWE,Sweden,2014,7100.0,4600.0,,,,,,,,,,,,276.0
SWE,Sweden,2015,14600.0,8700.0,,,,,,,,,,,,522.0
SWE,Sweden,2016,26500.0,12900.0,,,,,,,,,,,,774.0
SWE,Sweden,2017,43000.0,20400.0,,,,3875.177765,119266.947708,3.001788,61.791167,22785.0,221.0,1400.56336,267.137866,1224.0
SWE,Sweden,2018,66000.0,29100.0,,,,5577.590574,20.158228,198.954749,86.12155800000001,23630.483991,258.192905,1705.0196299999998,295.79622600000005,1746.0
SWE,Sweden,2019,97000.0,41000.0,,,,6478.896064,91437.713193,258.017731,101.09721,23532.106376,425.255187,1553.795346,230.108065,2460.0
SWE,Sweden,2020,176000.0,94000.0,,,,6660.156437999999,1.341463,138.39685,60.067281,16829.0,964.28591,1412.506528,198.540002,5640.0
SWE,Sweden,2021,300000.0,135000.0,,,,5767.107063,8.571429,0.0,38.910563,15653.536088,169.429735,1712.093714,256.29989,8100.0
SWE,Sweden,2022,440000.0,163000.0,,,,8566.146564,44832.084468,260.518365,52.647327,14071.436088,212.163014,1544.8235,234.29983,9780.0
SWE,Sweden,2023,560000.0,171000.0,,,,7709.658151,51218.590585,208.58938,20.08006,15164.028822,667.024107,1446.492102,225.125908,10260.0
SWE,Sweden,2024,670000.0,157000.0,,,,7756.969744,63176.996191,180.09360999999998,46.815554,19399.017152,475.987675,1342.965149,281.125728,9420.0
TUR,Turkey,2014,,68.0,,,,,,,,,,,,4.08
TUR,Turkey,2015,,230.0,,,,,,,,,,,,13.799999999999999
TUR,Turkey,2016,630.0,127.0,,,,,,,,,,,,7.62
TUR,Turkey,2017,740.0,111.0,,,,,,,,,,,,6.66
TUR,Turkey,2018,930.0,235.0,,,,,,,,,,,,14.1
TUR,Turkey,2019,1840.0,324.0,,,,,,,,,,,,19.439999999999998
TUR,Turkey,2020,3900.0,1290.0,,,,,,,,,,,,77.39999999999999
TUR,Turkey,2021,8600.0,3920.0,,,,,,,,,,,,235.2
TUR,Turkey,2022,16300.0,7540.0,,,,,,,,,,,,452.4
TUR,Turkey,2023,81900.0,68700.0,,,,,,,,,,,,4122.0
TUR,Turkey,2024,192000.0,105700.0,,,,,,,,,,,,6342.0
USA,,1995,,,3500.0,,,,,,,,,,,
USA,,1996,,,4000.0,,,,,,,,,,,
USA,,1997,,,4000.0,,,,,,,,,,,
USA,,1998,,,1500.0,,,,,,,,,,,
USA,,1999,,,1500.0,,,,,,,,,,,
USA,,2000,,,1500.0,,,,,,,,,,,
USA,,2001,,,1500.0,,,,,,,,,,,
USA,,2002,,,1500.0,,,,,,,,,,,
USA,,2003,,,1500.0,,,,,,,,,,,
USA,,2004,,,1500.0,,,,,,,,,,,
USA,,2005,,,1500.0,,,,,,,,,,,
USA,,2006,,,1500.0,,,,,,,,,,,
USA,,2007,,,1500.0,,,,,,,,,,,
USA,,2008,,,1500.0,,,,,,,,,,,
USA,,2009,,,1500.0,,,,,,,,,,,
USA,,2010,,,1000.0,,,,,,,,,,,
USA,United States,2011,22000.0,17800.0,1000.0,,,,,,,,,,,1068.0
USA,United States,2012,75000.0,54000.0,1000.0,,,,,,,,,,,3240.0
USA,United States,2013,172000.0,97000.0,870.0,,,,,,,,,,,5820.0
USA,United States,2014,290000.0,118000.0,900.0,,,,,,,,,,,7080.0
USA,United States,2015,400000.0,114000.0,900.0,,,,,,,,,,,6840.0
USA,United States,2016,570000.0,160000.0,900.0,,,,,,,,,,,9600.0
USA,United States,2017,760000.0,194000.0,900.0,,,,,,,,,,,11640.0
USA,United States,2018,1120000.0,360000.0,900.0,,,,,,,,,,,21600.0
USA,United States,2019,1450000.0,325000.0,900.0,,,,,,,,,,,19500.0
USA,United States,2020,1740000.0,294000.0,900.0,,,,,,,,,,,17640.0
USA,United States,2021,2220000.0,630000.0,939.234,,,,,,,,,,,37800.0
USA,United States,2022,3010000.0,990000.0,614.9077,,,,,,,,,,,59400.0
USA,United States,2023,4800000.0,1390000.0,614.9077,,,,,,,,,,,83400.0
USA,United States,2024,6300000.0,1520000.0,920.563,,,,,,,,,,,91200.0
ZAF,,1995,,,,288.0,,,,,,,,,,
ZAF,,1996,,,,350.0,,,,,,,,,,
ZAF,,1997,,,,465.0,,,,,,,,,,
ZAF,,1998,,,,435.0,,,,,,,,,,
ZAF,,1999,,,,450.0,,,,,,,,,,
ZAF,,2000,,,,580.0,,,,,,,,,,
ZAF,,2001,,,,560.0,,,,,,,,,,
ZAF,,2002,,,,520.0,,,,,,,,,,
ZAF,,2003,,,,480.0,,,,,,,,,,
ZAF,,2004,,,,610.0,,,,,,,,,,
ZAF,,2005,,,,620.0,,,,,,,,,,
ZAF,,2006,,,,600.0,,,,,,,,,,
ZAF,,2007,,,,600.0,,,,,,,,,,
ZAF,,2008,,,,590.0,,,,,,,,,,
ZAF,,2009,,,,610.0,,,,,,,,,,
ZAF,,2010,,,,1800.0,,,,,,,,,,
ZAF,,2011,,,,1600.0,,,,,,,,,,
ZAF,,2012,,,,2500.0,,,,,,,,,,
ZAF,,2013,,,,3000.0,,,,,,,,,,
ZAF,,2014,,,,3000.0,,,,,,,,,,
ZAF,,2015,,,,2900.0,,,,,,,,,,
ZAF,,2016,,,,2300.0,,,,,,,,,,
ZAF,,2017,,,,2300.0,,52605.06859,579.10366,124.812,2232.97869,3675.27656,6170.04685,922.65551,42.14302,
ZAF,,2018,,,,2300.0,,76961.31457999999,115.77569,9.58136,1819.74066,984.68648,4392.45078,708.48457,4.126189999999999,
ZAF,,2019,,,,2100.0,,68495.58360999999,384.62427,25.46182,2097.13981,76.95088,10538.2605,751.81677,4.722189999999999,
ZAF,,2020,,,,1800.0,,20482.33616,143.84305,47.10123,928.30692,453.48866,11628.466,689.35433,13.39241,
ZAF,,2021,,,,1197.0,,31878.26683,23563.34635,21.0,955.35544,1443.85291,26482.48022,803.10145,9.25902,
ZAF,,2022,,,,1000.0,,23156.97236,22197.09563,43.74929,1174.0212,2584.97321,29088.82913,1027.6286,63.16273,
ZAF,,2023,,,,378.0,,4304.21401,414399.8187900001,14.16482,1136.42958,1073.87686,28644.894,754.3181999999999,86.29033,
ZAF,,2024,,,,556.25,,5014.847540000001,954514.04276,24.93386,809.25026,1561.88131,32445.15035,958.61565,3.2409,
ZAF,,2025,,,,,,4592.00542,1023359.03546,3.2771,899.8057699999999,1594.22732,35689.769720000004,915.7562,6.47349,
ZMB,,1995,,,,2931.0,,,,,,,,,,
ZMB,,1996,,,,4829.0,,,,,,,,,,
ZMB,,1997,,,,4028.0,,,,,,,,,,
ZMB,,1998,,,,4961.0,,,,,,,,,,
ZMB,,1999,,,,4378.0,,,,,,,,,,
ZMB,,2000,,,,2877.0,,,,,,,,,,
ZMB,,2001,,,,4182.0,,,,,,,,,,
ZMB,,2002,,,,3990.0,,,,,,,,,,
ZMB,,2003,,,,3211.0,,,,,,,,,,
ZMB,,2004,,,,6082.0,,,,,,,,,,
ZMB,,2005,,,,5529.0,,,,,,,,,,
ZMB,,2006,,,,4658.0,,,,,,,,,,
ZMB,,2007,,,,4690.0,,,,,,,,,,
ZMB,,2008,,,,4613.0,,,,,,,,,,
ZMB,,2009,,,,5879.0,,,,,,,,,,
ZMB,,2010,,,,8648.0,,,,,,,,,,
ZMB,,2011,,,,7702.0,,,,,,,,,,
ZMB,,2012,,,,5435.0,,,,,,,,,,
ZMB,,2013,,,,5919.0,,,,,,,,,,
ZMB,,2014,,,,4562.0,,,,,,,,,,
ZMB,,2015,,,,2979.0,,,,,,,,,,
ZMB,,2016,,,,4982.0,,,,,,,,,,
ZMB,,2017,,,,2648.9,,,,,,,,,,
ZMB,,2018,,,,1585.0,,,,,,,,,,
ZMB,,2019,,,,367.0,,,,,,,,,,
ZMB,,2020,,,,287.0,,,,,,,,,,
ZMB,,2021,,,,247.0,,,,,,,,,,
ZMB,,2022,,,,252.0,,,,,,,,,,
ZMB,,2023,,,,252.0,,,,,,,,,,
ZMB,,2024,,,,252.0,,,,,,,,,,
ZWE,,1995,,,520.0,,,,,,,,,,,
ZWE,,1996,,,500.0,,,,,,,,,,,
ZWE,,1997,,,700.0,,,,,,,,,,,
ZWE,,1998,,,1000.0,,,,,,,,,,,
ZWE,,1999,,,700.0,,,,,,,,,,,
ZWE,,2000,,,740.0,,,,,,,,,,,
ZWE,,2001,,,700.0,,,,,,,,,,,
ZWE,,2002,,,640.0,,,,,,,,,,,
ZWE,,2003,,,480.0,,,,,,,,,,,
ZWE,,2004,,,240.0,,,,,,,,,,,
ZWE,,2005,,,260.0,,,,,,,,,,,
ZWE,,2006,,,600.0,,,,,,,,,,,
ZWE,,2007,,,300.0,,,,,,,,,,,
ZWE,,2008,,,500.0,,,,,,,,,,,
ZWE,,2009,,,400.0,,,,,,,,,,,
ZWE,,2010,,,470.0,,,,,,,,,,,
ZWE,,2011,,,470.0,,,,,,,,,,,
ZWE,,2012,,,1060.0,,,,,,,,,,,
ZWE,,2013,,,1000.0,,,,,,,,,,,
ZWE,,2014,,,900.0,,,,,,,,,,,
ZWE,,2015,,,900.0,,,,,,,,,,,
ZWE,,2016,,,1000.0,,,,,,,,,,,
ZWE,,2017,,,800.0,,,,,,,,,,,
ZWE,,2018,,,1600.0,,,,,,,,,,,
ZWE,,2019,,,1200.0,,,,,,,,,,,
ZWE,,2020,,,417.0,,,,,,,,,,,
ZWE,,2021,,,710.0,,,,,,,,,,,
ZWE,,2022,,,1030.0,,,,,,,,,,,
ZWE,,2023,,,14900.0,,,,,,,,,,,
ZWE,,2024,,,22000.0,,,,,,,,,,,
